datetime,center_x_1,center_y_1,x_axis_length_1,y_axis_length_1,angle_1,center_x_2,center_y_2,x_axis_length_2,y_axis_length_2,angle_2,center_x_3,center_y_3,x_axis_length_3,y_axis_length_3,angle_3
2021-01-04,704.028564453125,442.4991760253906,121.82669067382812,451.2315673828125,58.16042709350586,960.999755859375,336.5235290527344,112.8767318725586,203.83534240722656,117.01490783691406,1092.6424560546875,257.9371643066406,133.02349853515625,147.1321258544922,142.69944763183594
2021-01-09,715.2796020507812,351.4571838378906,100.24332427978516,367.3538818359375,66.10055541992188,807.20703125,124.62217712402344,54.88243103027344,117.92863464355469,119.93780517578125,184.71209716796875,572.2853393554688,51.41631317138672,93.89541625976562,133.98231506347656
2021-01-21,325.97674560546875,490.97735595703125,136.78598022460938,500.8919982910156,74.85352325439453,813.1221313476562,146.07748413085938,87.97332000732422,149.93795776367188,163.59048461914062,1233.1871337890625,566.0284423828125,8.314091682434082,24.54370880126953,143.9647979736328
2021-02-10,167.17987060546875,545.1322021484375,91.02163696289062,191.2755126953125,108.30876922607422,881.0445556640625,144.76974487304688,63.30784606933594,291.75567626953125,111.70042419433594,592.3629760742188,408.7370300292969,60.006160736083984,177.34202575683594,67.73805236816406
2021-02-13,280.8001708984375,504.2068176269531,134.4176025390625,405.86334228515625,72.61929321289062,787.453369140625,126.05058288574219,35.75511169433594,48.2039909362793,129.0810546875,918.0283813476562,556.8782958984375,14.486405372619629,27.316944122314453,2.4059484004974365
2021-02-15,811.0105590820312,204.1338348388672,222.1769256591797,398.480224609375,89.79094696044922,155.66940307617188,549.56005859375,78.33358001708984,173.5669403076172,111.72814178466797,635.0967407226562,359.8097839355469,28.376358032226562,168.75636291503906,59.24626541137695
2021-02-18,952.0272827148438,224.4568328857422,141.92491149902344,234.37098693847656,136.63983154296875,165.66270446777344,544.7769775390625,86.7053451538086,186.63890075683594,109.18035888671875,798.5413818359375,122.40351104736328,52.37726974487305,123.84774780273438,132.81390380859375
2021-02-20,831.9212036132812,200.5012664794922,200.8203887939453,270.8425598144531,172.24395751953125,189.26124572753906,547.8895874023438,77.72465515136719,127.91398620605469,93.07288360595703,70.76282501220703,521.811279296875,32.30704879760742,59.978126525878906,107.52738952636719
2021-03-02,782.4812622070312,313.74273681640625,95.74623107910156,261.3453674316406,34.55332946777344,214.4724578857422,561.3106079101562,53.303184509277344,97.82579040527344,26.33323097229004,605.1473388671875,406.1781005859375,29.868925094604492,96.65503692626953,88.93624877929688
2021-03-05,160.33111572265625,542.8331298828125,87.56050109863281,183.72389221191406,110.94036102294922,793.4223022460938,108.81105041503906,58.968441009521484,118.02216339111328,116.2420425415039,1229.4410400390625,377.4103088378906,14.524735450744629,24.88356590270996,101.6569595336914
2021-03-07,185.6855926513672,551.2008666992188,93.74609375,110.2706527709961,97.5070571899414,925.4578857421875,266.78057861328125,48.69407272338867,106.27140045166016,23.971750259399414,1109.7161865234375,218.3689422607422,32.95307159423828,179.9062957763672,110.66532135009766
2021-03-10,176.44224548339844,561.218017578125,57.52186584472656,112.832763671875,129.0800018310547,968.3726196289062,401.13238525390625,40.41299057006836,154.51658630371094,140.76715087890625,944.0333251953125,156.2296142578125,30.521039962768555,74.25740814208984,138.32400512695312
2021-03-12,796.3916625976562,111.96953582763672,58.918575286865234,116.10189819335938,124.20072937011719,900.4636840820312,173.424560546875,43.93060302734375,71.6698226928711,87.95523071289062,179.404296875,573.3739624023438,17.292320251464844,78.34620666503906,153.2183837890625
2021-03-27,955.1372680664062,186.2047576904297,52.44236755371094,190.06234741210938,130.6611785888672,798.618408203125,90.08660125732422,84.44953155517578,99.22906494140625,90.88785552978516,1229.4390869140625,398.6557312011719,39.15264129638672,96.63417053222656,69.77751159667969
2021-04-01,1008.8574829101562,186.3559112548828,34.21961212158203,232.58009338378906,116.82523345947266,1241.520751953125,390.85565185546875,37.85234069824219,48.66352081298828,10.527457237243652,926.4786987304688,267.0223083496094,28.31217384338379,50.470279693603516,68.12675476074219
2021-04-09,848.0014038085938,272.85968017578125,39.26171112060547,142.20953369140625,6.38791036605835,775.13916015625,101.43922424316406,34.25960922241211,78.7724380493164,135.43002319335938,889.2236328125,155.66448974609375,22.997528076171875,91.7791748046875,159.76429748535156
2021-04-11,824.0803833007812,117.79644775390625,75.39651489257812,167.1068115234375,108.98948669433594,297.1165466308594,468.8368225097656,54.35567855834961,78.12186431884766,32.13432312011719,398.3814392089844,415.1182556152344,44.522705078125,103.24002075195312,74.5311050415039
2021-04-14,804.5935668945312,121.11266326904297,61.08757400512695,136.30223083496094,124.71514129638672,818.6908569335938,250.576416015625,40.416866302490234,129.40127563476562,60.2072639465332,889.0728149414062,255.05845642089844,13.447203636169434,47.29916763305664,149.90145874023438
2021-04-16,799.01318359375,146.3643035888672,45.965545654296875,183.71754455566406,153.10955810546875,890.260986328125,165.1726531982422,84.07408905029297,134.12559509277344,101.70213317871094,1023.6431884765625,197.65057373046875,30.94293212890625,108.75659942626953,108.08236694335938
2021-04-19,832.3211059570312,220.87852478027344,60.84914016723633,206.31968688964844,145.18014526367188,943.0798950195312,260.9385070800781,65.59320068359375,94.19295501708984,176.6037139892578,471.45745849609375,431.7647705078125,48.26887512207031,125.89649963378906,120.42057037353516
2021-04-21,771.7658081054688,105.1923828125,30.439783096313477,83.52967071533203,147.7616424560547,96.16874694824219,531.1483764648438,27.443843841552734,69.55926513671875,130.697265625,549.399169921875,464.2786865234375,11.013627052307129,29.918020248413086,167.9748077392578
2021-04-24,853.6444702148438,136.46270751953125,74.18437194824219,223.677490234375,112.52334594726562,1051.043701171875,203.81430053710938,29.628767013549805,158.052734375,102.2804183959961,240.9084930419922,546.9365844726562,18.52997398376465,41.67582702636719,172.87869262695312
2021-04-26,914.7765502929688,195.34146118164062,60.672481536865234,88.10432434082031,10.982132911682129,977.5570678710938,197.63206481933594,52.396427154541016,116.47835540771484,148.26502990722656,236.8735809326172,555.1693725585938,17.781232833862305,49.31340026855469,31.007829666137695
2021-04-29,1079.4359130859375,212.2541046142578,54.05194091796875,288.3907775878906,117.63947296142578,1319.20556640625,398.02349853515625,26.372900009155273,114.69502258300781,98.33072662353516,779.2166748046875,111.49236297607422,28.90315055847168,96.17929077148438,144.8008575439453
2021-05-01,919.1282958984375,179.78460693359375,86.4886245727539,145.7393798828125,163.32916259765625,1062.625732421875,207.189697265625,42.62624740600586,181.7649383544922,104.19690704345703,1135.0286865234375,275.05718994140625,31.544452667236328,50.41230392456055,9.693838119506836
2021-05-04,904.8915405273438,185.68763732910156,102.43986511230469,189.44288635253906,104.12837219238281,1047.669921875,203.8107452392578,26.797622680664062,60.3388557434082,108.10999298095703,1236.6353759765625,378.7872009277344,18.848649978637695,36.721195220947266,97.25560760498047
2021-05-06,810.0698852539062,177.8491973876953,130.27687072753906,282.4222717285156,120.27342224121094,1002.9398193359375,234.88917541503906,57.11653137207031,74.83753967285156,135.92794799804688,1235.4285888671875,393.64166259765625,38.14716720581055,63.963768005371094,49.057945251464844
2021-05-09,1054.8878173828125,232.5318603515625,143.64964294433594,297.4486389160156,114.36740112304688,1248.6298828125,415.2982177734375,38.27597427368164,85.95939636230469,152.37908935546875,1279.337890625,385.4486389160156,25.158689498901367,54.96224594116211,89.6650161743164
2021-05-11,1264.8797607421875,741.8946533203125,353.9236145019531,1478.876953125,140.40516662597656,293.927734375,470.1022644042969,47.9900016784668,88.54231262207031,73.34367370605469,186.76473999023438,553.902587890625,40.28374481201172,47.799957275390625,20.01005744934082
2021-05-14,831.1520385742188,119.58588409423828,90.88087463378906,170.52537536621094,111.86312103271484,972.655029296875,187.5228729248047,50.14344024658203,71.53018188476562,119.92937469482422,1243.890380859375,387.2593078613281,22.388994216918945,48.62449264526367,113.22244262695312
2021-05-16,846.4993896484375,187.00367736816406,136.47740173339844,314.5201110839844,160.36886596679688,1004.8001098632812,327.5587158203125,24.20211410522461,41.0581169128418,119.27714538574219,936.6512451171875,323.7891540527344,19.856422424316406,35.4373779296875,43.350120544433594
2021-05-19,891.309326171875,239.1255645751953,226.83023071289062,360.3343200683594,145.33792114257812,1235.5074462890625,411.82373046875,60.67880630493164,118.27244567871094,58.42344665527344,870.17138671875,155.2632598876953,24.423784255981445,77.20372772216797,122.69650268554688
2021-05-21,1023.2740478515625,236.01222229003906,147.23104858398438,291.9404296875,114.02281188964844,1258.8701171875,391.321533203125,34.492977142333984,93.20209503173828,90.50717163085938,947.4970703125,361.6105041503906,28.550777435302734,74.01825714111328,51.329341888427734
2021-05-24,1011.6077270507812,225.46029663085938,135.4955291748047,357.36700439453125,115.47785186767578,1257.083984375,396.9540100097656,50.57838439941406,94.6414566040039,87.40422821044922,929.7639770507812,165.53271484375,33.38323211669922,59.0258903503418,122.5303726196289
2021-05-26,881.4639282226562,201.91932678222656,170.51441955566406,305.8150939941406,133.60906982421875,1227.254638671875,403.8318176269531,47.60665512084961,106.24345397949219,57.93296813964844,441.6529235839844,476.8807067871094,24.862037658691406,65.08233642578125,122.24959564208984
2021-05-29,809.9171142578125,179.0427703857422,139.04910278320312,218.993896484375,133.87767028808594,1232.209716796875,408.73187255859375,55.79008865356445,141.21444702148438,74.5820541381836,824.9517211914062,318.43194580078125,23.308122634887695,44.089595794677734,2.7171037197113037
2021-06-03,1001.2945556640625,230.69839477539062,136.4386749267578,288.9305419921875,104.54784393310547,1170.4365234375,416.6756286621094,9.86212158203125,33.42019271850586,97.3350830078125,751.4153442382812,73.59597778320312,10.124872207641602,18.94404411315918,163.78810119628906
2021-06-05,1249.6744384765625,411.3724060058594,71.1287841796875,153.92739868164062,70.46046447753906,805.6632690429688,114.08116149902344,65.82820129394531,137.80471801757812,113.45103454589844,1126.82666015625,216.76181030273438,16.735166549682617,18.337560653686523,126.08081817626953
2021-06-13,880.6976318359375,276.11676025390625,208.33990478515625,408.6837158203125,139.55374145507812,1238.38525390625,400.1914978027344,50.00933837890625,111.70858764648438,70.61608123779297,1091.0247802734375,434.1608581542969,63.02238464355469,142.44647216796875,121.70028686523438
2021-06-15,238.54083251953125,548.3648681640625,23.31794548034668,45.414005279541016,173.12457275390625,1102.100830078125,377.6509704589844,38.035560607910156,44.61459732055664,162.65687561035156,1231.8671875,387.3406677246094,19.28443145751953,29.440793991088867,143.54510498046875
2021-06-18,841.2706298828125,238.44154357910156,211.6422882080078,314.1493225097656,149.0423583984375,233.97190856933594,547.3054809570312,23.9876708984375,54.10115051269531,169.28797912597656,1236.485107421875,387.964599609375,27.178722381591797,33.30755615234375,126.67911529541016
2021-06-20,920.6361694335938,171.80618286132812,71.01069641113281,376.4056091308594,113.34696197509766,592.0596313476562,450.7275085449219,133.62301635742188,153.2965850830078,140.05613708496094,242.20066833496094,548.6144409179688,14.216081619262695,40.612274169921875,175.697998046875
2021-06-23,915.5174560546875,252.38954162597656,215.6326141357422,433.0505676269531,150.83322143554688,237.75582885742188,548.8609619140625,18.353002548217773,44.66023254394531,5.369269371032715,912.163330078125,557.3985595703125,10.587571144104004,24.66435432434082,161.8997344970703
2021-06-25,849.8388061523438,220.06710815429688,188.5126953125,317.13848876953125,165.06507873535156,238.48062133789062,540.098388671875,12.699027061462402,34.93042755126953,150.33251953125,912.0630493164062,555.5731811523438,9.943248748779297,31.236148834228516,164.17584228515625
2021-06-28,900.94384765625,271.3914489746094,273.74798583984375,413.88726806640625,154.56607055664062,240.395751953125,554.5801391601562,16.63893699645996,19.196720123291016,5.653679370880127,1054.0439453125,398.3031921386719,10.825989723205566,24.598344802856445,143.40371704101562
2021-06-30,931.1654052734375,439.84197998046875,183.8862762451172,325.18121337890625,111.35652160644531,1060.9012451171875,395.16729736328125,26.231056213378906,41.32957077026367,68.35083770751953,1016.0488891601562,327.8842468261719,11.957801818847656,82.78286743164062,59.15121078491211
2021-07-03,915.8757934570312,281.5413513183594,255.99588012695312,461.3549499511719,156.25540161132812,1244.95166015625,394.1739196777344,40.33552551269531,67.08560180664062,91.73905181884766,999.2268676757812,348.0095520019531,19.00973892211914,21.320213317871094,96.33111572265625
2021-07-05,844.3287353515625,305.4342956542969,209.85232543945312,420.5359191894531,157.7898406982422,1227.7928466796875,395.02227783203125,22.78505516052246,46.597068786621094,4.458895206451416,1200.1341552734375,432.27545166015625,16.22336769104004,40.41988754272461,78.88090515136719
2021-07-08,542.9471435546875,453.0184631347656,161.40687561035156,431.6041564941406,71.52881622314453,219.4842529296875,550.7340698242188,50.362884521484375,60.03945541381836,16.925556182861328,1109.2957763671875,284.65582275390625,35.812313079833984,51.92667770385742,70.11927032470703
2021-07-10,804.7579956054688,273.65509033203125,298.5037841796875,454.9229736328125,44.25214767456055,220.78567504882812,550.6207885742188,37.37432861328125,52.531063079833984,165.21241760253906,1227.806396484375,380.65924072265625,14.383467674255371,25.60514259338379,118.07130432128906
2021-07-13,1270.853515625,408.0049133300781,59.49797439575195,180.01675415039062,91.54515838623047,918.1871337890625,126.54660034179688,5.342881202697754,23.590566635131836,110.24456024169922,976.1590576171875,585.7557983398438,4.96469783782959,11.943350791931152,52.55545425415039
2021-07-18,919.9772338867188,215.28382873535156,196.1215057373047,369.3163146972656,122.0680160522461,1220.7340087890625,408.68963623046875,49.863224029541016,147.3150634765625,68.73213195800781,1090.513671875,359.36993408203125,22.29950714111328,50.02405548095703,130.9204864501953
2021-07-20,858.1964721679688,271.4789123535156,343.0108947753906,402.8008117675781,27.427000045776367,1249.85595703125,388.62957763671875,30.66553497314453,58.252986907958984,97.8767318725586,673.2845458984375,420.82208251953125,10.414169311523438,52.78071212768555,39.026649475097656
2021-07-23,1072.0906982421875,266.0140075683594,154.97137451171875,248.57095336914062,98.85957336425781,1266.4017333984375,403.471435546875,47.01603317260742,190.4687957763672,92.15514373779297,831.0785522460938,116.8204345703125,5.310041427612305,45.38031768798828,108.37904357910156
2021-07-25,928.484130859375,270.2299499511719,208.96517944335938,435.2146301269531,136.81265258789062,698.6030883789062,404.7459716796875,110.67959594726562,285.2484436035156,55.74113845825195,1005.2233276367188,514.6016845703125,24.54414939880371,63.69304656982422,50.202022552490234
2021-07-28,900.214599609375,236.75985717773438,244.1687774658203,380.4320373535156,124.38311767578125,1240.2572021484375,398.45953369140625,47.68931579589844,67.89387512207031,69.3337173461914,1190.4844970703125,442.56597900390625,16.220306396484375,25.18370246887207,93.76397705078125
2021-07-30,984.8638916015625,337.55584716796875,25.913135528564453,79.37003326416016,126.74372863769531,1232.2655029296875,461.5192565917969,5.876349925994873,13.3236665725708,14.256958961486816,570.5242309570312,371.952880859375,6.514509677886963,10.936448097229004,47.254058837890625
2021-08-02,767.4581909179688,320.70172119140625,325.4718322753906,507.98345947265625,143.9747772216797,986.5693359375,379.6499328613281,19.844982147216797,53.8129768371582,81.24434661865234,1226.04150390625,389.08355712890625,18.278783798217773,28.31536102294922,17.217512130737305
2021-08-04,567.17236328125,413.0842590332031,204.81568908691406,530.554443359375,64.02474975585938,908.1179809570312,152.71580505371094,58.2724494934082,340.9068603515625,111.76055145263672,312.8525390625,540.0744018554688,12.199849128723145,44.70845031738281,63.29967498779297
2021-08-07,851.1375732421875,264.37249755859375,298.51611328125,363.9125061035156,137.85537719726562,1239.98583984375,388.7000427246094,37.49522399902344,41.601409912109375,143.44068908691406,1176.9251708984375,449.3686218261719,20.636219024658203,35.828895568847656,104.51313018798828
2021-08-09,811.4232177734375,311.5350036621094,332.0879211425781,481.8203125,30.503353118896484,1239.5169677734375,391.06524658203125,36.63911056518555,51.66925048828125,86.53016662597656,819.043212890625,412.07977294921875,10.673526763916016,28.173418045043945,73.79322052001953
2021-08-12,174.23089599609375,568.7547607421875,83.17779541015625,156.97293090820312,73.9021224975586,297.1566162109375,524.3225708007812,56.09115219116211,140.0337371826172,100.48783874511719,543.2100830078125,492.10736083984375,26.798320770263672,127.51111602783203,98.9168930053711
2021-08-17,385.0819396972656,467.2699279785156,103.4593276977539,318.95086669921875,73.12956237792969,164.9676055908203,546.4451904296875,90.1853256225586,187.8682098388672,108.34796142578125,659.6035766601562,373.74127197265625,64.42041015625,121.27274322509766,73.3313980102539
2021-08-19,401.7001647949219,517.7042236328125,117.0445785522461,320.85797119140625,96.2154769897461,162.62173461914062,546.9417114257812,95.41441345214844,184.8349609375,106.23065185546875,603.0660400390625,551.3129272460938,71.97765350341797,339.179931640625,35.129581451416016
2021-08-27,161.453857421875,542.151611328125,96.59215545654297,180.349365234375,109.24358367919922,270.0981750488281,519.0728149414062,53.028079986572266,87.99614715576172,125.80323791503906,406.9420166015625,553.745849609375,50.235042572021484,167.51014709472656,96.92195129394531
2021-08-29,876.9374389648438,145.6573486328125,110.73851013183594,274.7320251464844,109.3238754272461,72.58641052246094,525.936767578125,25.687522888183594,51.33759307861328,153.7173614501953,363.86883544921875,400.32318115234375,45.501190185546875,169.38174438476562,84.82596588134766
2021-09-01,797.5154418945312,278.69024658203125,313.3510437011719,432.984375,29.726835250854492,1013.8453369140625,376.5874328613281,133.84523010253906,238.2306671142578,18.403818130493164,1239.5921630859375,387.0633239746094,39.36530685424805,41.5233268737793,34.1984748840332
2021-09-03,734.5958862304688,372.97869873046875,137.69374084472656,280.5018615722656,84.09882354736328,396.7630310058594,476.08465576171875,122.96832275390625,195.3992462158203,134.00071716308594,485.9213562011719,469.2693786621094,67.85102844238281,105.7597427368164,166.9893035888672
2021-09-06,809.1683959960938,411.79052734375,198.5433349609375,423.7508239746094,13.02007007598877,504.5919494628906,547.3818359375,85.64790344238281,226.14169311523438,94.19827270507812,992.444091796875,267.20428466796875,23.752567291259766,120.35371398925781,90.3505859375
2021-09-11,404.7785339355469,461.6590576171875,136.80194091796875,259.0914001464844,76.9410400390625,794.3197631835938,111.28089141845703,61.08757400512695,116.66898345947266,126.93254852294922,999.9943237304688,460.13299560546875,13.737037658691406,53.247684478759766,138.916015625
2021-09-13,784.2645874023438,257.1138000488281,218.67340087890625,425.7242126464844,27.941362380981445,204.60142517089844,553.6268310546875,75.40693664550781,95.02197265625,3.8890085220336914,970.0660400390625,352.9714050292969,50.511863708496094,153.0940399169922,157.23118591308594
2021-09-16,985.9244995117188,321.2389221191406,221.71983337402344,283.2867431640625,148.71693420410156,963.2125854492188,550.7444458007812,70.33030700683594,288.93548583984375,60.06969451904297,227.29660034179688,557.262939453125,26.043373107910156,68.483642578125,31.475770950317383
2021-09-21,1007.9646606445312,538.5581665039062,671.6636352539062,720.7621459960938,19.115795135498047,340.5434875488281,456.45361328125,51.8960075378418,227.1177215576172,62.68672180175781,906.626953125,404.19921875,37.58216857910156,113.38870239257812,139.24700927734375
2021-09-23,387.48553466796875,452.4569091796875,96.22456359863281,353.87860107421875,65.74517059326172,134.50340270996094,560.2254028320312,42.59794998168945,177.63450622558594,121.71619415283203,842.2243041992188,323.9254150390625,17.85108757019043,74.29887390136719,94.21015167236328
2021-09-26,587.272705078125,467.0324401855469,169.07144165039062,360.2372741699219,62.79128646850586,979.9095458984375,176.57611083984375,57.860897064208984,322.0250549316406,106.24755859375,206.60494995117188,567.4201049804688,36.19746398925781,92.36995697021484,22.35628318786621
2021-09-28,334.1134033203125,467.5137939453125,93.71159362792969,245.73582458496094,59.546051025390625,152.5053253173828,553.7548217773438,75.94834899902344,136.65093994140625,125.06014251708984,847.0755004882812,355.8658447265625,33.84459686279297,98.67534637451172,89.71354675292969
2021-10-03,949.4758911132812,557.183837890625,60.10640335083008,76.85816192626953,72.43057250976562,74.87736511230469,524.9533081054688,37.935420989990234,71.6112060546875,113.94578552246094,190.9129180908203,514.9512939453125,12.578746795654297,67.2674331665039,84.2405776977539
2021-10-06,393.4317321777344,487.74249267578125,114.90669250488281,237.10231018066406,92.5495834350586,765.763427734375,242.7139892578125,108.86796569824219,241.4483184814453,55.906494140625,875.7371215820312,460.0693664550781,37.073604583740234,76.79786682128906,138.96559143066406
2021-10-11,267.3346862792969,506.09515380859375,65.5162353515625,93.18852996826172,173.11541748046875,777.9830932617188,106.97891235351562,37.130516052246094,90.5976791381836,140.88003540039062,76.44830322265625,524.5859985351562,29.49180793762207,51.77838134765625,142.18353271484375
2021-10-13,701.9710693359375,357.084228515625,119.79078674316406,232.67208862304688,55.18546676635742,215.33030700683594,541.7059326171875,37.866153717041016,79.54853820800781,154.88832092285156,16.76317596435547,750.6044311523438,22.89649772644043,30.30497169494629,37.11719512939453
2021-10-16,191.4477081298828,585.2059326171875,34.379493713378906,56.19780731201172,129.85964965820312,431.2922668457031,559.6689453125,12.978331565856934,74.78477478027344,122.74430847167969,152.11065673828125,555.5149536132812,8.447484016418457,28.45114517211914,91.87650299072266
2021-10-18,818.0782470703125,125.4409408569336,91.9475326538086,168.9499053955078,136.35040283203125,741.0895385742188,314.8106384277344,21.44647789001465,68.35602569580078,71.17742156982422,1225.75244140625,387.37652587890625,22.080585479736328,28.85320281982422,27.993009567260742
2021-10-21,577.3906860351562,421.4693298339844,144.67938232421875,353.3078308105469,63.027164459228516,139.28695678710938,530.0588989257812,83.71207427978516,183.56509399414062,123.46112060546875,371.9057922363281,497.8464660644531,14.18330192565918,32.23212814331055,53.155662536621094
2021-10-23,688.704345703125,393.23681640625,149.5391845703125,420.1922912597656,49.493717193603516,1269.905029296875,79.58843994140625,205.47366333007812,650.19384765625,0.0,395.0300598144531,502.59295654296875,55.76897430419922,160.08364868164062,69.95844268798828
2021-10-31,448.3684387207031,414.8632507324219,53.96293640136719,310.2988586425781,72.0446548461914,787.4869384765625,117.37318420410156,41.854068756103516,108.79903411865234,137.26039123535156,1253.2418212890625,397.26043701171875,33.89536666870117,100.7891845703125,94.6474838256836
2021-11-02,1043.9461669921875,237.73606872558594,130.6165313720703,336.13128662109375,112.18694305419922,1167.93798828125,433.3044128417969,76.79261016845703,135.0910186767578,156.99693298339844,1299.962158203125,405.72772216796875,44.89435958862305,136.21470642089844,94.35881805419922
2021-11-05,709.056396484375,522.046630859375,196.09727478027344,557.60693359375,89.4505386352539,943.0595092773438,151.89170837402344,19.514677047729492,70.33543395996094,131.6433563232422,253.9302215576172,533.1094970703125,8.002273559570312,60.12795639038086,131.19741821289062
2021-11-07,398.83544921875,513.9282836914062,140.01759338378906,365.1367492675781,94.84506225585938,737.6017456054688,338.6274108886719,37.39137268066406,91.48667907714844,115.94083404541016,769.2997436523438,410.9947509765625,20.791244506835938,66.0599136352539,130.72607421875
2021-11-15,292.3548583984375,522.5360107421875,177.0320587158203,390.45904541015625,95.95447540283203,842.9434814453125,447.5852966308594,35.37218475341797,103.76819610595703,136.3299560546875,918.2229614257812,561.3838500976562,11.449633598327637,42.929752349853516,157.05612182617188
2021-11-17,423.0353698730469,521.390380859375,116.31169891357422,329.4383850097656,93.79725646972656,173.5502166748047,561.6104125976562,82.729248046875,130.33775329589844,93.18290710449219,951.9089965820312,640.3635864257812,19.703914642333984,61.41637420654297,160.7257080078125
2021-11-30,395.9006042480469,466.1208801269531,254.02972412109375,568.0768432617188,80.61273193359375,794.6456909179688,342.6288757324219,73.77932739257812,438.1847839355469,47.314727783203125,936.8310546875,358.5113220214844,17.613733291625977,35.032108306884766,34.72352600097656
2021-12-07,230.69728088378906,259.4976806640625,351.43865966796875,460.5242614746094,165.29571533203125,784.2879638671875,570.7409057617188,199.07376098632812,236.9709014892578,140.8795166015625,365.8252258300781,621.240234375,163.0207977294922,188.42286682128906,40.086639404296875
2021-12-10,406.27801513671875,493.46649169921875,183.604248046875,576.45654296875,82.15290832519531,544.9605712890625,161.02015686035156,32.00357437133789,71.89509582519531,19.67288589477539,994.865966796875,158.3722686767578,30.31438446044922,53.03416442871094,53.604522705078125
2021-12-22,630.9673461914062,471.2388916015625,152.03709411621094,599.4799194335938,77.61481475830078,983.9739990234375,342.9034423828125,89.6463851928711,201.71295166015625,110.89865112304688,170.85504150390625,546.0810546875,90.14988708496094,189.73748779296875,107.32759857177734
2021-12-30,539.6580810546875,496.7752990722656,356.97186279296875,830.9588012695312,99.32086181640625,885.1828002929688,134.19972229003906,31.778932571411133,129.45022583007812,105.65765380859375,759.4873657226562,362.1054992675781,11.473503112792969,18.78343963623047,119.10962677001953
2022-01-21,496.8516845703125,328.74688720703125,383.5458984375,800.9528198242188,58.454498291015625,998.903564453125,179.41310119628906,5.847731113433838,12.570418357849121,73.32206726074219,1366.222900390625,392.56146240234375,6.282342910766602,9.881912231445312,142.51272583007812
2022-01-24,408.036865234375,491.4992370605469,190.0913543701172,576.1895751953125,81.65691375732422,844.8153686523438,131.889404296875,99.88944244384766,198.5865936279297,117.54519653320312,808.1632690429688,250.36033630371094,7.175690650939941,29.636432647705078,69.04368591308594
2022-01-26,518.6793212890625,444.8399353027344,180.43218994140625,589.5311279296875,69.5616455078125,834.3981323242188,139.62428283691406,117.1880874633789,201.73228454589844,134.13040161132812,168.37356567382812,541.5177612304688,77.39012145996094,194.15785217285156,105.01914978027344
2022-02-03,164.503662109375,544.5196533203125,94.39559173583984,183.08639526367188,108.7454833984375,868.84326171875,240.4759063720703,16.58620262145996,31.481351852416992,130.75588989257812,504.93255615234375,464.3219909667969,13.434273719787598,24.11509895324707,25.443689346313477
2022-02-08,412.8087463378906,506.89935302734375,159.88035583496094,614.9662475585938,83.4246597290039,894.3408203125,202.5497589111328,143.07762145996094,316.2489318847656,137.476806640625,799.788330078125,287.17352294921875,64.34080505371094,97.7678451538086,56.099700927734375
2022-02-13,801.2575073242188,304.33624267578125,344.3310241699219,648.721435546875,51.647117614746094,164.28053283691406,545.6337280273438,92.23365020751953,183.35435485839844,107.09117126464844,1191.445556640625,263.6631774902344,7.667575359344482,52.39915084838867,124.71745300292969
2022-02-15,388.04571533203125,474.7734375,149.87840270996094,616.4903564453125,73.07270812988281,814.3079223632812,127.2842788696289,64.06922912597656,159.54595947265625,126.05371856689453,907.29931640625,132.72573852539062,16.04237174987793,50.38322448730469,84.7540283203125
2022-02-20,1137.876708984375,475.588623046875,124.29351806640625,171.5587615966797,104.4229507446289,164.69924926757812,543.2674560546875,93.24702453613281,184.74072265625,108.15109252929688,1248.550048828125,390.0895080566406,41.885955810546875,66.20574951171875,92.72224426269531
2022-02-25,786.6611328125,262.81304931640625,308.9496154785156,521.0380859375,81.93064880371094,165.13087463378906,548.4052124023438,94.82530212402344,184.295654296875,107.41303253173828,521.632080078125,443.7065734863281,68.89171600341797,107.32335662841797,144.47454833984375
2022-03-20,435.2912292480469,472.4103698730469,174.898681640625,358.9650573730469,73.91046142578125,164.2699432373047,543.8790283203125,90.18830108642578,180.05059814453125,109.33841705322266,430.9120178222656,556.2740478515625,44.90117645263672,154.42337036132812,107.19908142089844
2022-03-22,899.2661743164062,183.878173828125,131.04769897460938,317.31292724609375,122.55241394042969,164.3431396484375,546.2936401367188,91.01468658447266,180.40769958496094,108.74644470214844,660.4193115234375,468.9375915527344,53.26047134399414,171.30584716796875,18.157930374145508
2022-03-27,969.8934326171875,304.9560241699219,231.5457000732422,443.6276550292969,137.9720001220703,194.0044708251953,555.3431396484375,76.07567596435547,94.30702209472656,150.910400390625,774.0625610351562,353.73040771484375,27.218320846557617,97.39747619628906,24.95722198486328
2022-03-30,1035.783203125,277.0180969238281,67.92928314208984,129.82431030273438,61.179962158203125,209.8043975830078,564.0714721679688,58.70076370239258,92.97774505615234,40.318206787109375,89.10667419433594,533.4954223632812,36.170963287353516,86.30851745605469,122.26850891113281
2022-04-01,1014.5108642578125,210.80035400390625,94.4516830444336,336.6600036621094,111.38473510742188,191.0605010986328,564.7064819335938,61.366493225097656,96.45270538330078,126.07845306396484,799.7343139648438,95.9718246459961,69.80902862548828,107.0128173828125,108.13478088378906
2022-04-06,338.36688232421875,500.304443359375,61.8861083984375,197.5389862060547,69.24947357177734,156.34518432617188,555.6666870117188,67.36204528808594,171.42593383789062,113.28839874267578,787.4569702148438,384.89324951171875,66.96782684326172,108.8676528930664,167.90576171875
2022-04-14,192.85313415527344,557.32275390625,85.21452331542969,102.62998962402344,109.44493103027344,930.265869140625,260.4173889160156,53.062049865722656,117.83013916015625,17.814619064331055,1064.7615966796875,351.219970703125,20.98150634765625,29.66781234741211,111.40203857421875
2022-04-19,362.3948059082031,462.8984069824219,79.11798858642578,198.221923828125,62.74047088623047,780.76708984375,110.27659606933594,38.47917175292969,90.00297546386719,136.85125732421875,154.64309692382812,539.181396484375,36.7708625793457,71.4859848022461,80.49140167236328
2022-04-21,198.81277465820312,553.6378784179688,84.87504577636719,97.95098114013672,30.73202896118164,775.381591796875,109.66116333007812,32.02086639404297,87.78134155273438,143.11378479003906,88.9610366821289,533.5884399414062,36.21285629272461,82.69783782958984,124.15496826171875
2022-04-26,1017.0603637695312,179.19003295898438,43.92983627319336,254.11312866210938,110.58366394042969,1147.2569580078125,268.33819580078125,31.107824325561523,52.080875396728516,66.76597595214844,1243.17138671875,384.4566345214844,27.9903621673584,53.03106689453125,95.08621978759766
2022-04-29,907.5597534179688,201.94857788085938,70.66481018066406,196.17544555664062,108.244873046875,917.1783447265625,135.51332092285156,22.64733123779297,64.66183471679688,101.21604919433594,1225.5772705078125,394.716552734375,20.622377395629883,50.245670318603516,36.075538635253906
2022-05-01,382.0324401855469,671.6719970703125,56.069923400878906,67.98896026611328,86.970703125,1240.940673828125,385.5260925292969,20.14149284362793,30.941011428833008,95.31653594970703,1199.6463623046875,440.14111328125,13.951498031616211,32.854122161865234,155.81845092773438
2022-05-04,833.5384521484375,135.45367431640625,63.33930969238281,205.09698486328125,114.31069946289062,384.4498596191406,674.7183227539062,58.559288024902344,67.15629577636719,88.76057434082031,1227.0623779296875,398.7741394042969,22.027435302734375,52.23830795288086,48.916053771972656
2022-05-06,810.9577026367188,132.6046142578125,76.74769592285156,154.96258544921875,142.48452758789062,1248.6976318359375,389.5514831542969,24.81783676147461,45.70611572265625,95.751220703125,390.16229248046875,667.6691284179688,19.94161033630371,51.96875762939453,46.86007308959961
2022-05-09,810.628173828125,126.39091491699219,61.74686050415039,146.2318878173828,130.2404022216797,393.6742858886719,668.8753051757812,34.68672561645508,47.94880294799805,50.09365463256836,1240.82177734375,382.6408996582031,26.573787689208984,40.61721420288086,105.69878387451172
2022-05-11,785.1199340820312,189.09405517578125,186.05331420898438,249.49850463867188,105.37592315673828,1244.2818603515625,389.586181640625,18.567068099975586,54.707767486572266,82.88812255859375,395.24969482421875,667.5755615234375,28.14520835876465,42.773216247558594,45.00619125366211
2022-05-14,777.467041015625,266.8450927734375,119.01974487304688,277.51727294921875,5.546533584594727,1128.6192626953125,348.35504150390625,20.300071716308594,49.140968322753906,84.3286361694336,881.38818359375,158.7523651123047,13.0007963180542,61.77999496459961,125.24147033691406
2022-05-16,957.2175903320312,188.91957092285156,74.9052734375,455.2674255371094,114.45314025878906,815.3236083984375,334.73370361328125,16.524948120117188,93.72207641601562,58.763851165771484,1089.1259765625,283.3976745605469,35.689266204833984,74.01055145263672,170.38064575195312
2022-05-19,907.3939819335938,227.3297882080078,238.4891357421875,352.7704162597656,139.42666625976562,1223.2861328125,385.36968994140625,10.342527389526367,34.71589660644531,4.014255046844482,399.75982666015625,660.8391723632812,13.62484359741211,18.914274215698242,137.1180419921875
2022-05-24,1047.5311279296875,267.3180847167969,156.17889404296875,243.79396057128906,107.07538604736328,1226.955810546875,423.1936950683594,81.48658752441406,138.7734375,78.95590209960938,818.1721801757812,170.91934204101562,68.11841583251953,212.24002075195312,144.57870483398438
2022-05-26,839.8828735351562,214.8239288330078,177.22537231445312,287.3301696777344,154.3630828857422,1232.1070556640625,404.5693054199219,55.42675018310547,143.83023071289062,83.40447235107422,1081.651123046875,355.165283203125,38.001800537109375,74.17876434326172,100.11519622802734
2022-05-29,798.0431518554688,244.161865234375,242.05343627929688,303.760986328125,174.57913208007812,1227.863525390625,396.1261901855469,23.49820327758789,80.50547790527344,38.53701400756836,545.5842895507812,546.3219604492188,47.62248611450195,105.05255126953125,56.91226577758789
2022-05-31,1068.8988037109375,234.5579376220703,89.56745910644531,394.6903381347656,117.89500427246094,1246.4366455078125,413.9164733886719,67.4496841430664,204.13864135742188,83.12548828125,758.9920043945312,95.81624603271484,13.175308227539062,74.65271759033203,158.41539001464844
2022-06-03,958.31396484375,218.25296020507812,154.59996032714844,453.3603210449219,113.73049926757812,1247.2080078125,400.8599853515625,59.219146728515625,93.2641830444336,65.31756591796875,1174.6064453125,427.954345703125,23.138948440551758,83.80182647705078,131.20724487304688
2022-06-05,1245.1357421875,395.04827880859375,31.143213272094727,58.26093292236328,96.85741424560547,986.8817138671875,271.1688537597656,21.998994827270508,62.667762756347656,126.81939697265625,1173.2001953125,423.1021423339844,17.773256301879883,53.336273193359375,108.46472930908203
2022-06-08,893.5862426757812,225.56878662109375,182.2022705078125,339.0752868652344,135.799072265625,1238.8927001953125,391.23907470703125,38.29960632324219,50.807899475097656,99.10260009765625,810.8482666015625,378.3927307128906,9.092246055603027,20.388568878173828,51.900177001953125
2022-06-10,904.274169921875,181.60487365722656,123.3648452758789,340.5711669921875,115.44375610351562,1169.6007080078125,429.87646484375,15.681559562683105,30.55433464050293,110.38507080078125,563.5617065429688,367.8237609863281,5.167399883270264,12.347086906433105,5.409886360168457
2022-06-13,826.9795532226562,190.1106719970703,194.74945068359375,230.6151123046875,137.32315063476562,1240.1148681640625,386.1365966796875,7.433441162109375,22.468318939208984,104.55110168457031,245.93980407714844,546.81982421875,4.426008701324463,8.996832847595215,4.82357120513916
2022-06-15,181.4078826904297,656.9857788085938,4.9820427894592285,13.089526176452637,6.510788440704346,1257.1610107421875,574.4935302734375,5.086436748504639,8.76690673828125,86.26924133300781,258.5057067871094,2.277332305908203,5.358244895935059,9.37946891784668,77.44761657714844
2022-06-18,1083.6644287109375,339.57855224609375,202.1249542236328,477.9420471191406,108.01163482666016,1120.8736572265625,242.96388244628906,19.01105499267578,55.340946197509766,126.88396453857422,979.0999145507812,176.54051208496094,20.444761276245117,41.64834213256836,128.28712463378906
2022-06-20,768.3576049804688,113.30250549316406,11.803200721740723,53.30281448364258,157.50868225097656,748.9676513671875,69.6084976196289,8.7468843460083,22.926193237304688,162.68115234375,949.6067504882812,142.85214233398438,5.682356357574463,17.446372985839844,131.358154296875
2022-06-28,440.10552978515625,462.21844482421875,143.5972442626953,217.2256317138672,72.7327880859375,799.5611572265625,116.83541870117188,59.40702438354492,130.216552734375,120.96592712402344,671.236083984375,591.5079956054688,83.24774932861328,121.9730453491211,0.0
2022-06-30,804.6725463867188,116.49052429199219,68.46028900146484,131.0019989013672,124.07223510742188,1001.4962158203125,220.50286865234375,43.74861526489258,153.74180603027344,146.6098175048828,587.05126953125,522.997314453125,14.294245719909668,58.83533477783203,118.65074920654297
2022-07-03,903.2847900390625,196.1570587158203,144.62281799316406,337.0401306152344,125.91998291015625,592.5115356445312,525.9661865234375,12.953994750976562,43.515377044677734,118.58104705810547,241.73756408691406,547.22265625,10.33139419555664,33.30929183959961,8.982008934020996
2022-07-05,908.841064453125,188.88900756835938,127.14160919189453,342.9904479980469,125.7809829711914,239.22999572753906,552.0274658203125,13.895889282226562,40.89552688598633,14.916678428649902,445.3225402832031,558.4395751953125,5.7067155838012695,19.931180953979492,106.03592681884766
2022-07-08,955.717041015625,223.22921752929688,157.62884521484375,286.2829284667969,126.18157196044922,1095.875,344.4476623535156,25.214630126953125,31.694337844848633,164.27444458007812,239.33816528320312,545.1730346679688,14.43860912322998,37.15574264526367,173.4960174560547
2022-07-10,893.2221069335938,185.9054718017578,146.49957275390625,414.14923095703125,106.82714080810547,239.94004821777344,543.6044921875,17.447458267211914,44.03807830810547,177.18182373046875,1229.8974609375,381.884033203125,3.724271535873413,10.626826286315918,76.08353424072266
2022-07-15,927.3828125,213.6001739501953,161.3026885986328,392.0556945800781,132.5751495361328,1130.6846923828125,213.12930297851562,8.184712409973145,13.79565143585205,120.01033020019531,152.3062744140625,14.816507339477539,5.1677656173706055,8.592016220092773,58.74799728393555
2022-07-18,913.5756225585938,170.52175903320312,94.34381866455078,403.9581604003906,109.23788452148438,151.7434844970703,15.94787311553955,4.928036689758301,8.717320442199707,60.46683120727539,1256.1038818359375,573.8986206054688,5.083953857421875,8.619049072265625,94.46022033691406
2022-07-25,978.0079345703125,294.077392578125,279.2156982421875,567.2771606445312,118.27800750732422,1233.316650390625,463.94281005859375,7.695571422576904,25.099750518798828,15.2004976272583,929.678955078125,395.2784423828125,6.528797626495361,19.55671501159668,36.56595230102539
2022-07-28,483.2919616699219,430.3729553222656,105.65530395507812,166.5817413330078,79.08855438232422,1170.834228515625,440.29248046875,36.57000732421875,53.43473434448242,22.890743255615234,1230.2947998046875,398.6111145019531,24.296245574951172,51.93013000488281,33.56999206542969
2022-08-04,402.5332336425781,471.056640625,138.23272705078125,349.3701171875,72.38834381103516,815.8189086914062,131.29611206054688,77.29959869384766,153.71957397460938,130.87496948242188,239.4214630126953,550.05712890625,16.56614112854004,34.11756896972656,4.771611213684082
2022-08-07,812.7109985351562,289.3226318359375,342.4085388183594,433.6505126953125,42.52201843261719,1125.7645263671875,342.8649597167969,41.02785873413086,92.67353820800781,68.67725372314453,584.5225830078125,542.7891845703125,52.22210693359375,82.33443450927734,147.77218627929688
2022-08-09,1048.8914794921875,342.87237548828125,275.98431396484375,498.9237060546875,91.13135528564453,841.3325805664062,104.70128631591797,53.85338592529297,199.34719848632812,104.590576171875,822.9802856445312,225.42713928222656,39.07094955444336,86.36149597167969,178.43763732910156
2022-08-12,855.9412841796875,259.6011962890625,323.9983825683594,483.22528076171875,89.646240234375,1084.318603515625,407.8330383300781,22.12154769897461,143.84104919433594,108.26264190673828,590.6516723632812,526.4303588867188,24.095548629760742,75.78440856933594,112.07704162597656
2022-08-14,1163.70849609375,327.75799560546875,158.6252899169922,410.708984375,125.61788940429688,893.7357788085938,321.05548095703125,9.582335472106934,98.13689422607422,46.28593063354492,670.9786376953125,493.2459411621094,6.459810256958008,65.94025421142578,10.319331169128418
2022-08-17,975.7669067382812,294.4940490722656,261.413818359375,646.9266967773438,102.97402954101562,772.3035278320312,94.69145202636719,24.0693359375,80.87622833251953,131.93211364746094,148.9335174560547,17.596965789794922,4.932982444763184,9.868121147155762,23.084394454956055
2022-08-19,1174.73046875,285.22186279296875,71.7238998413086,93.129638671875,51.96452331542969,1129.912841796875,215.58091735839844,7.620510101318359,15.452354431152344,164.37002563476562,1004.3171997070312,559.120849609375,4.659326076507568,19.874319076538086,37.254756927490234
2022-08-22,1042.895263671875,382.6417236328125,323.5714111328125,526.8831787109375,108.54930877685547,969.0083618164062,616.8787231445312,4.602015972137451,34.85322570800781,24.203237533569336,957.8028564453125,664.7387084960938,10.586236000061035,20.544986724853516,21.52052116394043
2022-08-24,1159.6021728515625,330.67413330078125,8.53927230834961,53.720436096191406,61.704647064208984,1068.9776611328125,204.31484985351562,5.646332263946533,23.963092803955078,126.62760162353516,1122.0714111328125,343.26812744140625,8.57837200164795,13.325468063354492,72.13264465332031
2022-08-27,934.4727172851562,320.5547790527344,410.4989318847656,545.4904174804688,108.1547622680664,1124.5594482421875,305.98968505859375,67.63822937011719,101.99514770507812,79.54835510253906,1238.6903076171875,401.1623840332031,55.348880767822266,92.7313461303711,68.22782897949219
2022-08-29,922.382568359375,326.1357116699219,412.2850646972656,503.88360595703125,108.69318389892578,1277.894775390625,399.2876281738281,45.391292572021484,131.34902954101562,98.67475128173828,1210.1534423828125,439.6842346191406,24.37014389038086,53.57148361206055,115.70914459228516
2022-09-01,718.9829711914062,363.90069580078125,467.2161865234375,625.8511962890625,86.5210952758789,205.66409301757812,556.580810546875,48.351524353027344,71.5263442993164,13.202320098876953,765.2189331054688,101.33390808105469,22.133502960205078,72.23108673095703,156.70135498046875
2022-09-03,848.0354614257812,331.7310485839844,402.9285888671875,593.7420043945312,55.84736251831055,1128.745361328125,326.5576171875,62.09589767456055,121.83540344238281,56.60694885253906,1245.88330078125,388.25811767578125,31.540273666381836,52.81114196777344,105.55689239501953
2022-09-06,934.0313720703125,336.0841064453125,442.2101745605469,531.3635864257812,138.99803161621094,1248.828857421875,395.3154602050781,55.181034088134766,57.38990783691406,95.2322006225586,992.8538818359375,571.5059814453125,6.3232502937316895,48.98300552368164,45.68305969238281
2022-09-08,560.3436889648438,439.8093566894531,211.93701171875,645.1387939453125,69.82811737060547,871.1519775390625,312.7319030761719,65.78845977783203,135.1615753173828,54.417510986328125,955.1397094726562,335.269287109375,42.85251998901367,53.870521545410156,4.4987382888793945
2022-09-11,486.7227478027344,470.0406799316406,203.91200256347656,471.72869873046875,76.3349609375,915.8248291015625,492.7991943359375,138.98741149902344,315.2158508300781,121.3831787109375,833.9146118164062,255.917236328125,23.13343620300293,113.02778625488281,37.887237548828125
2022-09-16,623.1937866210938,351.04876708984375,334.9530334472656,654.9131469726562,55.19720458984375,201.1372833251953,569.4179077148438,52.43947219848633,76.30487823486328,23.747291564941406,916.1463012695312,566.517333984375,12.285795211791992,38.091217041015625,159.4453887939453
2022-09-18,202.7296905517578,569.2494506835938,66.05421447753906,74.19717407226562,41.2833366394043,900.2459106445312,517.8598022460938,20.485252380371094,70.08590698242188,118.82709503173828,1200.82470703125,455.7039794921875,32.3468132019043,42.954647064208984,159.9906768798828
2022-09-21,646.8676147460938,335.2020568847656,296.07958984375,699.5027465820312,53.65321731567383,923.7832641601562,470.00469970703125,127.52152252197266,351.4462585449219,167.4490509033203,1045.4537353515625,459.9703063964844,29.457340240478516,105.27892303466797,141.92324829101562
2022-09-23,644.8676147460938,332.2020568847656,296.07958984375,699.5027465820312,53.65321731567383,921.7832641601562,467.00469970703125,127.52152252197266,351.4462585449219,167.4490509033203,1043.4537353515625,456.9703063964844,29.457340240478516,105.27892303466797,141.92324829101562
2022-09-26,527.6302490234375,474.3356018066406,184.863037109375,456.979736328125,79.9498291015625,808.60205078125,238.263671875,131.5086212158203,282.6278991699219,50.808345794677734,770.3300170898438,109.63421630859375,24.235614776611328,84.60963439941406,151.78518676757812
2022-09-28,333.646484375,501.07275390625,116.6527328491211,217.7685089111328,102.05453491210938,767.1192016601562,96.34237670898438,26.352224349975586,66.65876770019531,149.98619079589844,490.723876953125,551.2666015625,18.217906951904297,38.53294372558594,35.19624710083008
2022-10-01,491.9344482421875,459.701904296875,194.14883422851562,532.8921508789062,71.67890930175781,200.0675506591797,560.6897583007812,62.80353546142578,96.33625030517578,178.87538146972656,880.73388671875,390.0350036621094,26.222108840942383,35.43504333496094,67.7476577758789
2022-10-03,485.8132019042969,479.1819763183594,192.74815368652344,462.052734375,77.78618621826172,850.0563354492188,205.6004638671875,160.9312744140625,346.92724609375,97.1754150390625,94.27147674560547,534.6004028320312,44.4627685546875,72.3212661743164,118.28044891357422
2022-10-06,461.83306884765625,480.3895263671875,194.3016815185547,420.9513854980469,76.1549072265625,885.810302734375,474.4178161621094,68.19593811035156,160.22930908203125,128.46429443359375,788.4808959960938,376.13983154296875,39.77748107910156,95.1563491821289,140.47488403320312
2022-10-08,295.1396484375,498.89019775390625,112.12684631347656,121.99845123291016,119.54378509521484,79.37175750732422,528.6937255859375,31.373146057128906,83.0318603515625,129.35202026367188,852.3299560546875,472.4721374511719,17.386581420898438,36.100746154785156,139.347412109375
2022-10-11,358.092529296875,724.0963134765625,82.01310729980469,96.18375396728516,135.73826599121094,347.4593505859375,738.5763549804688,22.727489471435547,66.24961853027344,132.48109436035156,1108.349609375,347.8654479980469,22.906091690063477,46.478660583496094,91.00483703613281
2022-10-13,727.620361328125,468.499267578125,518.5198364257812,661.72216796875,32.775611877441406,1110.5438232421875,348.6210632324219,21.31233787536621,48.41419219970703,95.66374206542969,373.9757080078125,735.4805297851562,33.09663009643555,43.0941276550293,163.25775146484375
2022-10-21,1008.206298828125,250.8209228515625,178.02114868164062,535.8617553710938,119.86033630371094,1264.3070068359375,388.9011535644531,26.015140533447266,91.65276336669922,97.67427825927734,1113.0001220703125,348.7628479003906,24.23959732055664,51.22801971435547,84.98153686523438
2022-10-23,681.2310180664062,424.92779541015625,184.8683319091797,826.06005859375,73.77272033691406,821.5932006835938,157.17059326171875,135.45138549804688,204.9834442138672,170.24710083007812,878.1492919921875,480.9872131347656,112.56449127197266,200.450439453125,129.1162109375
2022-10-28,1125.5577392578125,376.66009521484375,35.5956916809082,127.40107727050781,133.3733673095703,1054.3238525390625,201.81719970703125,15.699016571044922,122.70355224609375,117.45465850830078,960.8618774414062,457.1656188964844,25.58050537109375,60.30683898925781,157.35926818847656
2022-11-05,523.0133666992188,478.5328063964844,126.68677520751953,397.027099609375,91.03522491455078,939.782470703125,468.5366516113281,149.80203247070312,214.7523193359375,135.10177612304688,699.7130737304688,356.0504455566406,73.14134216308594,97.37895965576172,30.72835922241211
2022-11-10,198.9505615234375,550.1410522460938,58.82923889160156,102.10839080810547,5.813009262084961,913.105224609375,269.9441833496094,64.88957214355469,113.09877014160156,26.565717697143555,1017.5266723632812,212.17166137695312,50.84485626220703,116.03561401367188,141.69200134277344
2022-11-15,100.92041778564453,532.3114013671875,28.772260665893555,99.45903015136719,119.38245391845703,296.4324951171875,533.4423217773438,44.92280197143555,79.25989532470703,84.72239685058594,237.48574829101562,506.34088134765625,14.79701042175293,24.977067947387695,151.64825439453125
2022-11-17,470.88580322265625,492.0372009277344,160.65464782714844,242.15579223632812,57.33076858520508,292.08489990234375,514.8698120117188,66.76868438720703,75.60736083984375,173.0965576171875,1091.0301513671875,217.05809020996094,53.673702239990234,119.6649169921875,103.77923583984375
2022-11-20,919.2811889648438,337.13677978515625,53.23591232299805,121.27362823486328,91.9803237915039,951.210205078125,155.98619079589844,48.119876861572266,165.07015991210938,103.03669738769531,1066.0965576171875,320.41607666015625,14.278725624084473,93.34931945800781,83.75093841552734
2022-11-25,278.6734924316406,507.96820068359375,82.33387756347656,110.41497802734375,138.88967895507812,279.3378601074219,429.55999755859375,18.28249168395996,25.34137535095215,143.26043701171875,469.05389404296875,578.8345336914062,7.469970703125,25.263668060302734,150.5877685546875
2022-11-27,293.3794860839844,500.3614807128906,108.82352447509766,123.24781799316406,115.5532455444336,279.00714111328125,427.86651611328125,15.891304016113281,23.119842529296875,141.1522979736328,1228.682861328125,275.9027404785156,12.030776977539062,21.767017364501953,114.07782745361328
2022-11-30,630.646240234375,370.9445495605469,96.33602905273438,347.94573974609375,74.9204330444336,271.36962890625,479.0685119628906,41.06114959716797,56.908260345458984,33.688743591308594,699.6851806640625,435.3062744140625,21.27516746520996,73.16805267333984,40.21268081665039
2022-12-02,1009.4345092773438,698.904541015625,146.4169158935547,216.5089569091797,177.74205017089844,623.3065185546875,447.8495178222656,89.04547882080078,280.68328857421875,54.241756439208984,299.052734375,616.9401245117188,70.50423431396484,119.87229919433594,179.4803009033203
2022-12-15,929.7637939453125,190.0540771484375,105.34652709960938,425.0173034667969,113.62959289550781,1156.1373291015625,411.06927490234375,53.60537338256836,108.21549987792969,133.744140625,1245.11572265625,429.686279296875,27.67976188659668,72.33161926269531,33.683799743652344
2022-12-25,809.3345947265625,380.4552001953125,429.7718811035156,518.3955078125,159.38734436035156,903.743408203125,133.11073303222656,19.015613555908203,94.3322982788086,96.31122589111328,922.762451171875,209.98175048828125,24.609603881835938,69.8887710571289,165.7071075439453
2023-01-04,774.5682983398438,464.11956787109375,291.6097717285156,653.5783081054688,73.51021575927734,1146.9881591796875,312.3677673339844,57.650665283203125,146.20217895507812,48.961891174316406,876.4708862304688,140.2229766845703,36.524986267089844,106.53075408935547,119.65621185302734
2023-01-09,646.5040283203125,420.3218688964844,278.5892639160156,730.667724609375,82.89542388916016,1291.5897216796875,435.2309265136719,10.093278884887695,45.8880729675293,78.67433166503906,281.13299560546875,427.7358093261719,16.663976669311523,27.203815460205078,149.1287384033203
2023-01-11,863.5243530273438,387.23992919921875,464.27630615234375,597.6333618164062,20.470767974853516,490.6446838378906,588.9392700195312,19.48113250732422,33.3398551940918,86.83323669433594,281.1487121582031,430.134521484375,16.615612030029297,24.192134857177734,140.4452362060547
2023-01-14,906.8934326171875,383.71771240234375,466.8698425292969,570.5671997070312,66.74362182617188,1298.10693359375,398.98907470703125,30.712812423706055,65.59487915039062,103.23831176757812,189.7052764892578,579.0776977539062,23.601634979248047,54.28850555419922,165.8717803955078
2023-01-16,624.0360717773438,339.10894775390625,325.2825622558594,731.7760620117188,57.74248123168945,279.8729248046875,429.2687072753906,16.362089157104492,23.39139175415039,139.75814819335938,797.798828125,427.5007019042969,13.7001371383667,35.4712028503418,133.86119079589844
2023-01-21,554.4642944335938,430.0915222167969,238.876953125,638.93701171875,65.24220275878906,795.8512573242188,105.8314437866211,52.863162994384766,116.99290466308594,113.38086700439453,280.8729248046875,430.2687072753906,16.362089157104492,23.39139175415039,139.75814819335938
2023-01-24,438.8253479003906,484.5771484375,185.7711944580078,363.6541442871094,85.67098236083984,718.6536865234375,190.9736785888672,156.40103149414062,366.0483093261719,79.28592681884766,612.0223999023438,356.0668640136719,6.173607349395752,76.38359832763672,64.25947570800781
2023-01-29,784.7200927734375,317.83123779296875,351.1531677246094,764.4785766601562,65.51557159423828,1116.158935546875,357.69720458984375,50.670570373535156,91.46495056152344,91.5035171508789,269.2718505859375,496.5326843261719,61.02236557006836,86.31121063232422,31.59260368347168
2023-01-31,489.0437316894531,478.17364501953125,167.58526611328125,474.57366943359375,80.34322357177734,950.9434814453125,610.4172973632812,34.504981994628906,95.95782470703125,175.5467987060547,665.612060546875,333.798828125,28.061494827270508,40.0055046081543,41.371273040771484
2023-02-05,498.3343811035156,470.7854309082031,197.31991577148438,467.6590576171875,78.74894714355469,869.0885009765625,488.955322265625,28.493534088134766,63.40520095825195,135.50881958007812,918.3466796875,561.3049926757812,15.079768180847168,39.975013732910156,164.04031372070312
2023-02-25,889.8050537109375,311.601318359375,422.5738525390625,545.2831420898438,67.4851303100586,1248.552734375,392.8238525390625,39.67501449584961,61.8250846862793,86.02484893798828,281.5299987792969,430.149169921875,16.80701446533203,25.481969833374023,135.96096801757812
2023-02-28,742.106689453125,326.5491638183594,387.6331787109375,679.017333984375,64.66790008544922,1096.240478515625,350.0367736816406,17.934202194213867,42.638301849365234,145.168701171875,279.5015563964844,427.8487854003906,17.442548751831055,28.845407485961914,143.5145721435547
2023-03-02,614.9152221679688,326.90191650390625,291.3979797363281,755.5333862304688,57.50453567504883,281.1416931152344,431.486572265625,17.012863159179688,25.69025993347168,143.43138122558594,1278.1370849609375,557.2571411132812,13.12557601928711,26.108932495117188,167.84451293945312
2023-03-05,996.187255859375,316.9877624511719,298.1546936035156,638.6937255859375,112.11217498779297,666.798583984375,367.385986328125,14.06368350982666,78.83649444580078,77.29554748535156,282.7005615234375,428.2714538574219,21.299314498901367,30.078275680541992,109.20526123046875
2023-03-10,985.98681640625,327.18475341796875,379.4826354980469,573.0758666992188,123.63388061523438,1167.838134765625,503.4742736816406,17.682950973510742,26.953176498413086,140.6168670654297,918.2362060546875,557.5222778320312,12.705948829650879,27.55735206604004,173.60357666015625
2023-03-12,631.8140869140625,335.67950439453125,303.62933349609375,656.0206909179688,63.20707321166992,1211.243408203125,400.11798095703125,18.941984176635742,50.587276458740234,33.48995590209961,1278.3026123046875,552.6458740234375,14.230962753295898,22.236480712890625,172.44691467285156
2023-03-17,725.1838989257812,344.0474853515625,414.3674011230469,843.7152099609375,76.39661407470703,1276.033447265625,553.038330078125,14.575580596923828,22.03868865966797,172.44911193847656,956.8491821289062,663.2713012695312,12.401902198791504,22.86473274230957,171.2865447998047
2023-03-20,782.4013671875,339.80462646484375,424.4017333984375,771.35888671875,73.37421417236328,527.1949462890625,510.3721008300781,37.552574157714844,46.43109893798828,86.94477844238281,1351.524658203125,404.6708679199219,30.439090728759766,40.71742248535156,67.0688247680664
2023-03-22,656.67578125,354.0325622558594,346.8359375,731.0494384765625,64.69078826904297,1041.571044921875,348.9423522949219,16.77841567993164,50.38230895996094,102.06893157958984,1016.6707153320312,387.0298156738281,23.90202522277832,38.90888977050781,0.5965372323989868
2023-03-30,647.8448486328125,343.0547790527344,446.97039794921875,631.8295288085938,68.94824981689453,902.3059692382812,356.5925598144531,12.630322456359863,45.551334381103516,134.0513153076172,923.806640625,359.3212585449219,18.11406898498535,43.21052551269531,121.61360168457031
2023-04-01,675.3114013671875,362.29925537109375,471.4961853027344,713.467041015625,81.92671966552734,955.8116455078125,633.9804077148438,28.959096908569336,72.14173889160156,1.7312229871749878,1275.14306640625,551.4970092773438,17.295228958129883,22.977176666259766,171.21096801757812
2023-04-04,778.633056640625,366.5183410644531,485.0945129394531,736.4745483398438,82.25214385986328,442.4314270019531,477.3057556152344,75.69329071044922,86.02274322509766,158.1582489013672,1241.7579345703125,411.8836975097656,56.651214599609375,72.2192611694336,27.072540283203125
2023-04-06,1252.6983642578125,397.39080810546875,45.37395095825195,71.38602447509766,90.3002700805664,610.3822021484375,358.1127624511719,8.544608116149902,72.64961242675781,66.20954132080078,239.22674560546875,549.8172607421875,21.504451751708984,31.358850479125977,1.1390721797943115
2023-04-11,1036.88671875,333.66796875,323.9851379394531,541.6310424804688,119.04597473144531,926.3983154296875,141.1653289794922,25.4586181640625,54.92203903198242,109.47309875488281,1101.2083740234375,432.3758239746094,22.427398681640625,55.89685821533203,67.9173355102539
2023-04-14,1001.5565185546875,319.4918518066406,302.4762268066406,635.1029663085938,118.095947265625,1278.423828125,553.5458984375,17.431001663208008,24.751220703125,177.07081604003906,1009.83935546875,558.6861572265625,6.945814609527588,29.230979919433594,46.506282806396484
2023-04-19,603.2635498046875,363.831787109375,25.49159049987793,110.36370086669922,70.85367584228516,1244.604736328125,383.712646484375,18.462322235107422,61.01127624511719,96.4850082397461,744.5264892578125,374.16455078125,16.449949264526367,42.93975067138672,83.06489562988281
2023-04-21,860.5494384765625,287.9635314941406,351.9491271972656,551.50439453125,49.35835266113281,1275.9754638671875,550.2485961914062,17.892684936523438,24.84542465209961,165.84532165527344,1173.2803955078125,417.1443176269531,16.205455780029297,20.55495262145996,103.41844177246094
2023-04-24,943.3070678710938,285.614501953125,250.2661590576172,551.3677368164062,121.64044952392578,1240.5936279296875,392.37274169921875,45.76657485961914,54.5652961730957,78.74588775634766,1274.1593017578125,551.1602172851562,17.59264373779297,24.115890502929688,155.6582489013672
2023-04-26,824.5149536132812,294.05615234375,304.0995788574219,496.74798583984375,125.4765625,1170.30126953125,429.093994140625,34.510398864746094,68.70020294189453,121.66390991210938,1237.298828125,390.09735107421875,35.53533935546875,73.5196762084961,34.186302185058594
2023-04-29,991.1023559570312,250.48150634765625,193.72219848632812,528.3660278320312,115.55322265625,1251.833984375,391.5549621582031,30.11673927307129,121.7965316772461,91.96977233886719,1163.3284912109375,427.017578125,29.311885833740234,34.28993225097656,43.0919075012207
2023-05-04,1276.7762451171875,422.4396057128906,107.87076568603516,154.8524932861328,78.82036590576172,1136.3603515625,484.0562744140625,72.92556762695312,136.41281127929688,102.52864837646484,929.8062133789062,380.24755859375,26.272151947021484,52.172916412353516,107.41580963134766
2023-05-09,875.5995483398438,247.72201538085938,242.33937072753906,352.87591552734375,133.53639221191406,1081.6219482421875,381.4360656738281,29.1747989654541,49.88832092285156,98.4194564819336,1201.0594482421875,411.505126953125,18.006467819213867,39.5386848449707,31.177566528320312
2023-05-11,884.847412109375,236.568603515625,240.22625732421875,339.10943603515625,134.88534545898438,1362.5250244140625,403.4626159667969,18.525089263916016,24.910232543945312,4.893618583679199,1171.93896484375,422.7265625,16.152807235717773,27.307979583740234,120.03131866455078
2023-05-19,598.8594360351562,409.3500671386719,133.6035919189453,308.14947509765625,83.10917663574219,961.3009643554688,308.7012023925781,87.3390884399414,185.8525848388672,121.05449676513672,1072.752197265625,406.3926086425781,55.49971389770508,113.09806060791016,100.85153198242188
2023-05-21,892.47314453125,243.20159912109375,149.13998413085938,413.5939025878906,152.12010192871094,1210.96142578125,426.2518615722656,83.42302703857422,123.46369934082031,62.504268646240234,945.3359985351562,202.9069366455078,17.570358276367188,23.433168411254883,80.50062561035156
2023-05-24,865.5562133789062,261.0707092285156,71.0755615234375,238.348876953125,159.25987243652344,1234.524658203125,406.1408996582031,59.76017379760742,236.0711212158203,91.6202163696289,1033.1885986328125,235.03651428222656,44.31525802612305,55.999210357666016,122.66656494140625
2023-05-26,925.655029296875,183.3554229736328,95.97752380371094,343.7964172363281,110.98530578613281,1244.9937744140625,400.9499816894531,48.5131721496582,127.54383850097656,83.07886505126953,1135.0849609375,220.30047607421875,16.80116844177246,43.48683547973633,95.43199157714844
2023-05-29,540.7684326171875,383.56768798828125,123.80210876464844,528.1287231445312,59.6057014465332,807.9892578125,110.09070587158203,42.456241607666016,138.45314025878906,116.11429595947266,583.9517211914062,451.23223876953125,17.057790756225586,28.20142936706543,135.35409545898438
2023-06-05,1111.370849609375,249.41006469726562,78.66858673095703,240.4296875,116.16241455078125,1237.358642578125,398.6575012207031,42.662593841552734,123.94918060302734,74.621826171875,1279.405029296875,552.38720703125,15.307829856872559,20.45222282409668,174.31500244140625
2023-06-10,817.5635986328125,189.2904052734375,170.34130859375,246.656494140625,128.9709014892578,1047.3270263671875,341.4183654785156,18.006235122680664,36.00953674316406,92.78455352783203,986.2424926757812,342.00006103515625,16.359214782714844,40.116355895996094,97.7184829711914
2023-06-13,1051.4315185546875,203.16754150390625,40.82012176513672,363.7803955078125,113.75292205810547,1352.7872314453125,401.41552734375,29.40370750427246,32.7063102722168,105.58523559570312,1277.1888427734375,552.2923583984375,14.535200119018555,20.709430694580078,158.80821228027344
2023-06-15,944.7918090820312,357.1490478515625,108.09143829345703,224.2291259765625,142.37091064453125,1070.4346923828125,204.31851196289062,28.874563217163086,156.42218017578125,101.46814727783203,1226.525634765625,396.7302551269531,22.84781265258789,44.79108810424805,13.504889488220215
2023-06-18,862.4906616210938,246.01455688476562,61.72911834716797,108.42832946777344,25.000024795532227,1224.650634765625,418.2008056640625,59.521324157714844,99.24059295654297,39.938968658447266,860.3680419921875,333.0182800292969,26.85879135131836,65.76641845703125,138.1503448486328
2023-06-20,1103.0762939453125,284.6023864746094,103.40300750732422,196.64663696289062,12.507326126098633,1190.859619140625,439.5964050292969,36.05467224121094,44.59602737426758,151.3383026123047,1230.4229736328125,394.96240234375,24.61562728881836,49.520484924316406,26.99553108215332
2023-06-23,1273.551025390625,549.2935180664062,10.265833854675293,19.361141204833984,164.98916625976562,192.08807373046875,601.6275024414062,10.422517776489258,15.467971801757812,7.7080159187316895,565.0791625976562,367.4512023925781,5.015681743621826,18.668331146240234,84.62030029296875
2023-06-25,1275.9881591796875,552.6983642578125,14.531539916992188,17.572765350341797,176.46405029296875,192.3985595703125,605.2216796875,12.143378257751465,14.896923065185547,11.224614143371582,564.1404418945312,371.3071594238281,4.733041286468506,16.561674118041992,87.20585632324219
2023-06-30,780.0433959960938,111.4517593383789,35.60580825805664,86.55636596679688,139.94541931152344,907.4571533203125,236.75430297851562,15.577972412109375,31.806169509887695,119.47215270996094,1278.1241455078125,553.5272216796875,14.468076705932617,21.22823143005371,168.52291870117188
2023-07-03,832.8341064453125,132.2169952392578,54.3213996887207,213.85311889648438,115.3218994140625,1278.570068359375,552.3963623046875,13.856209754943848,20.64487075805664,166.3389892578125,243.92431640625,547.5018310546875,10.582693099975586,27.173429489135742,8.224149703979492
2023-07-05,818.0205688476562,83.26082611083984,88.42778778076172,132.44017028808594,87.20467376708984,1015.42431640625,186.82034301757812,10.51828384399414,49.63079833984375,91.25042724609375,1278.605224609375,557.0009155273438,14.262660026550293,21.551544189453125,165.7852783203125
2023-07-08,839.7211303710938,133.5363311767578,32.207096099853516,69.13843536376953,134.48367309570312,894.6055908203125,143.6332550048828,19.45348358154297,46.228328704833984,82.63782501220703,875.9086303710938,366.6615905761719,18.174884796142578,35.356101989746094,29.128116607666016
2023-07-13,783.7683715820312,107.44197082519531,47.388492584228516,107.1869888305664,122.25650787353516,1278.589111328125,548.7543334960938,10.045841217041016,17.356891632080078,126.90106201171875,880.5469970703125,139.83297729492188,10.053805351257324,15.948012351989746,136.8863983154297
2023-07-18,800.4447021484375,119.30451202392578,55.75617599487305,134.09207153320312,118.92745208740234,1277.2916259765625,552.7595825195312,10.481158256530762,17.007028579711914,125.10652923583984,1129.363037109375,218.2117462158203,6.269698143005371,11.086172103881836,99.0750961303711
2023-07-25,943.4839477539062,160.6907501220703,30.943979263305664,147.46412658691406,128.72052001953125,568.8082885742188,372.2471923828125,3.3504960536956787,18.380552291870117,87.53900909423828,146.9829559326172,523.302978515625,4.041889667510986,5.300477981567383,26.85624122619629
2023-07-28,904.781982421875,133.77590942382812,21.478918075561523,54.794708251953125,94.04370880126953,762.891357421875,89.8437271118164,16.956279754638672,56.344730377197266,143.8259735107422,882.163330078125,399.79693603515625,11.186332702636719,21.0985164642334,113.85662078857422
2023-07-30,1155.831298828125,398.0333557128906,29.393468856811523,68.52181243896484,146.4637451171875,1208.507080078125,279.7171325683594,17.00786590576172,32.3065071105957,107.74578857421875,1277.9383544921875,550.4246215820312,11.15158748626709,16.75205421447754,128.89096069335938
2023-08-04,586.7282104492188,416.5373840332031,26.973661422729492,33.41971206665039,156.27569580078125,1279.6968994140625,550.1431884765625,10.82187557220459,16.413515090942383,127.80802154541016,876.3284912109375,505.2479553222656,8.453871726989746,20.11348533630371,117.93203735351562
2023-08-07,775.06689453125,105.78813934326172,34.02273178100586,80.756591796875,140.59255981445312,1277.4234619140625,550.1398315429688,11.504273414611816,16.276966094970703,127.81011199951172,872.8213500976562,504.79034423828125,7.165573596954346,15.742072105407715,111.95748138427734
2023-08-12,762.3936767578125,88.86719512939453,16.70430564880371,41.88822555541992,146.68370056152344,965.4387817382812,458.0272216796875,16.46721649169922,22.081424713134766,104.10748291015625,1280.6468505859375,554.9884033203125,11.64027214050293,15.883659362792969,124.59850311279297
2023-08-14,799.915771484375,432.2325744628906,10.448807716369629,43.451229095458984,132.23216247558594,755.9830322265625,78.59921264648438,14.35932731628418,30.377614974975586,137.197509765625,1278.474853515625,551.4411010742188,12.412226676940918,15.602534294128418,138.9981231689453
2023-08-17,520.8410034179688,394.0449523925781,12.448324203491211,60.15453338623047,59.11363220214844,1276.606201171875,549.8917846679688,11.73301887512207,15.475342750549316,123.46864318847656,571.0791625976562,517.9651489257812,7.958590984344482,22.140464782714844,83.59846496582031
2023-08-19,388.8631286621094,678.6533813476562,32.333065032958984,57.458396911621094,49.57053756713867,711.857421875,428.6051940917969,13.237356185913086,63.39128494262695,49.1337890625,1278.8284912109375,550.9166870117188,11.425284385681152,15.704035758972168,128.35537719726562
2023-08-22,1276.356689453125,548.5879516601562,11.665534019470215,16.865718841552734,126.5979232788086,369.78814697265625,668.11181640625,11.123969078063965,15.077071189880371,60.74870681762695,561.3992309570312,517.99755859375,5.854703903198242,30.965946197509766,74.34271240234375
2023-08-24,764.1975708007812,95.81715393066406,21.720256805419922,73.42073822021484,157.72137451171875,1276.4241943359375,548.7509765625,11.873703002929688,16.615285873413086,128.8059844970703,827.7632446289062,265.4697265625,5.8137736320495605,17.027267456054688,178.97344970703125
2023-08-27,388.75347900390625,657.9420166015625,25.30859375,44.14632797241211,102.44184875488281,766.4448852539062,89.6661148071289,21.338274002075195,55.94617462158203,149.56431579589844,1279.2662353515625,549.0401611328125,12.594827651977539,17.092008590698242,128.59637451171875
2023-08-29,764.71435546875,93.613037109375,16.7117862701416,52.65748977661133,145.03323364257812,819.466796875,188.4322967529297,19.61339569091797,45.05908966064453,172.4308319091797,805.3958740234375,258.43792724609375,8.007222175598145,39.026302337646484,64.24519348144531
2023-09-01,395.15814208984375,660.4578857421875,20.128969192504883,25.54178237915039,40.757049560546875,799.4180908203125,380.1187744140625,8.355050086975098,44.1968994140625,113.3071060180664,787.025634765625,134.35574340820312,12.217061996459961,38.88199234008789,120.32734680175781
2023-09-03,398.5422668457031,664.6771240234375,25.963150024414062,45.66313552856445,129.59133911132812,919.785888671875,567.26318359375,8.932290077209473,27.603303909301758,141.02072143554688,1277.584716796875,549.9887084960938,11.772730827331543,16.09388542175293,124.8316879272461
2023-09-06,392.49310302734375,668.361083984375,33.8870964050293,56.321876525878906,129.7241973876953,1200.648193359375,275.706298828125,19.635478973388672,68.12702178955078,129.3036346435547,1149.0267333984375,223.21116638183594,13.378390312194824,25.31438446044922,93.9457015991211
2023-09-11,394.0738525390625,659.2489013671875,24.730798721313477,50.348236083984375,116.24613952636719,669.1088256835938,494.9919128417969,9.660962104797363,46.36311721801758,12.517704010009766,1277.04443359375,548.3496704101562,12.475303649902344,16.795724868774414,130.2904815673828
2023-09-16,644.9691162109375,340.73016357421875,15.191240310668945,83.17464447021484,64.37337493896484,667.5523071289062,510.83056640625,6.2910566329956055,49.11686706542969,12.717931747436523,1277.6676025390625,553.2921752929688,14.061559677124023,19.253149032592773,129.77273559570312
2023-09-21,313.6770324707031,628.2155151367188,28.621028900146484,40.419063568115234,72.15555572509766,497.9119873046875,593.5343627929688,14.487954139709473,16.60883331298828,32.15800857543945,411.7301940917969,678.9696044921875,13.413679122924805,15.025286674499512,55.24715042114258
2023-09-23,393.3553466796875,662.9109497070312,27.56414031982422,52.85877227783203,126.58728790283203,498.3679504394531,591.757568359375,12.677886009216309,17.593387603759766,55.204959869384766,245.0065460205078,549.4843139648438,6.27325963973999,27.283931732177734,14.34864330291748
2023-09-26,931.8346557617188,133.0500030517578,7.689713478088379,69.06668090820312,119.2945327758789,1152.01953125,217.21788024902344,10.160154342651367,16.509721755981445,97.09416961669922,1221.9459228515625,279.84613037109375,8.269678115844727,15.341039657592773,134.7723388671875
2023-10-01,640.7916259765625,533.5156860351562,27.257646560668945,49.39488983154297,84.80010986328125,587.2620849609375,446.26220703125,14.01569938659668,15.690400123596191,83.86752319335938,391.3333740234375,661.9541015625,13.799092292785645,23.875638961791992,162.074462890625
2023-10-03,793.5217895507812,96.46629333496094,39.79604721069336,62.84952926635742,115.66273498535156,242.56211853027344,515.4680786132812,15.282320976257324,67.28861999511719,144.38153076171875,396.1305236816406,417.26751708984375,8.69530963897705,52.02889633178711,68.52737426757812
2023-10-06,389.2945556640625,665.721435546875,37.501399993896484,60.688907623291016,122.32156372070312,916.8095092773438,137.91603088378906,22.817434310913086,86.9620132446289,108.9137191772461,1148.2271728515625,228.86993408203125,24.555246353149414,39.5524787902832,122.79393005371094
2023-10-08,763.1429443359375,284.27276611328125,26.798288345336914,128.47242736816406,60.768470764160156,760.3735961914062,88.82896423339844,18.16636085510254,57.965877532958984,155.6060791015625,665.3565063476562,514.8265991210938,12.33362102508545,56.72091293334961,17.52023696899414
2023-10-13,954.8896484375,156.7001190185547,34.236331939697266,160.50473022460938,111.62882995605469,422.38629150390625,396.7734680175781,32.08686447143555,43.19044494628906,84.30333709716797,669.61279296875,507.00128173828125,5.105637550354004,68.92765808105469,12.767499923706055
2023-10-18,302.4912414550781,461.6972961425781,48.87147903442383,155.5707550048828,60.323795318603516,1244.4599609375,553.1575317382812,9.588566780090332,35.48611831665039,137.58111572265625,574.5206298828125,528.1995849609375,25.18149185180664,35.0111083984375,107.4463882446289
2023-10-21,303.7676696777344,539.696044921875,21.728652954101562,103.10272979736328,84.3535385131836,1236.7003173828125,544.02197265625,14.822447776794434,61.39057540893555,135.9270782470703,1158.735107421875,345.012939453125,26.944543838500977,70.86688995361328,64.83289337158203
2023-10-23,249.0636749267578,512.695068359375,29.41513442993164,98.13529968261719,50.51837921142578,472.55914306640625,420.92266845703125,15.968986511230469,114.42450714111328,62.41976547241211,774.9537963867188,93.59799194335938,11.919562339782715,89.293701171875,132.2442169189453
2023-10-26,254.97544860839844,518.2402954101562,35.19961929321289,71.45457458496094,146.00808715820312,817.4443969726562,111.38323974609375,31.950613021850586,97.87129974365234,119.49288940429688,1148.94140625,343.8014831542969,28.683212280273438,76.10913848876953,59.78023910522461
2023-11-02,258.5823974609375,512.2916259765625,42.84207534790039,66.845703125,16.945234298706055,415.6438903808594,549.07958984375,12.557245254516602,37.01222610473633,120.11174011230469,579.6824951171875,523.980712890625,17.031343460083008,40.186492919921875,104.39404296875
2023-11-05,450.95281982421875,526.3712158203125,75.97976684570312,93.12287902832031,47.91100311279297,673.4279174804688,397.00048828125,54.49812316894531,113.21131896972656,41.17981719970703,543.5169067382812,454.08984375,25.86853790283203,57.886478424072266,74.31436157226562
2023-11-10,273.729248046875,513.054443359375,69.1302261352539,96.4271469116211,132.0680694580078,115.29397583007812,553.6316528320312,18.562122344970703,45.2493896484375,105.24347686767578,417.4470520019531,553.3760986328125,11.592796325683594,28.30162811279297,111.11619567871094
2023-11-12,965.401123046875,85.03423309326172,113.3330307006836,163.57135009765625,156.63665771484375,633.5013427734375,472.0152893066406,74.18408203125,276.81964111328125,56.790340423583984,1100.420166015625,50.742759704589844,41.01006317138672,169.25680541992188,122.0413589477539
2023-11-22,1108.2642822265625,278.3410339355469,130.46742248535156,191.32933044433594,91.35648345947266,1291.112548828125,402.9328308105469,37.73008346557617,140.58267211914062,95.8997802734375,1011.9628295898438,417.4188537597656,63.43863296508789,113.92363739013672,12.98835563659668
2023-11-25,1095.5159912109375,349.79058837890625,88.91606140136719,227.7945098876953,33.09525680541992,925.94580078125,337.00555419921875,26.764347076416016,72.55074310302734,55.728267669677734,317.1783447265625,522.7926025390625,13.490941047668457,30.546842575073242,71.43470001220703
2023-11-27,394.8448791503906,484.540771484375,121.22919464111328,320.5296936035156,75.33026123046875,883.00439453125,481.6712646484375,55.70509338378906,99.06672668457031,139.09678649902344,485.1527404785156,576.1986083984375,37.17911911010742,44.19105911254883,99.65215301513672
2023-12-02,503.7626953125,472.3515930175781,187.50559997558594,459.5866394042969,80.25589752197266,800.8072509765625,263.1885986328125,27.174354553222656,54.447967529296875,87.90425872802734,798.5728149414062,362.43798828125,8.046566009521484,47.97267150878906,154.7469940185547
2023-12-30,338.2665100097656,491.60955810546875,127.72095489501953,208.05613708496094,88.28228759765625,478.79681396484375,574.3612060546875,28.042272567749023,30.858070373535156,103.06474304199219,749.3659057617188,71.21192169189453,10.51073169708252,18.52107048034668,123.75716400146484
2024-01-01,847.9900512695312,311.4932861328125,318.4578552246094,583.7019653320312,24.877779006958008,1116.2908935546875,293.7294616699219,50.094947814941406,105.18370056152344,40.85074234008789,493.5425109863281,579.13720703125,35.782318115234375,40.71949768066406,106.0146255493164
2024-01-04,914.4285278320312,200.47019958496094,138.15184020996094,254.7248077392578,103.27570343017578,407.0352478027344,538.3344116210938,114.26193237304688,233.99807739257812,94.99994659423828,504.747802734375,413.3155517578125,17.45604133605957,42.11817169189453,72.50220489501953
2024-01-06,540.5416870117188,481.94366455078125,168.40135192871094,484.8886413574219,69.9281005859375,1043.3062744140625,226.92474365234375,21.943044662475586,77.65497589111328,123.64892578125,947.8511962890625,287.852294921875,14.337079048156738,51.5732307434082,105.2810287475586
2024-01-14,980.778076171875,253.84898376464844,255.84922790527344,463.13922119140625,122.77629089355469,750.0416259765625,295.7399597167969,36.408287048339844,154.44882202148438,64.61148071289062,610.5789794921875,373.7392883300781,31.886213302612305,55.10791015625,90.97062683105469
2024-01-19,336.146484375,475.9433898925781,100.74488830566406,260.8538818359375,61.599334716796875,797.4948120117188,125.30960083007812,55.07632064819336,138.75271606445312,139.98663330078125,1209.6744384765625,400.5497741699219,19.470590591430664,56.71510696411133,45.6384162902832
2024-01-21,834.8310546875,325.8806457519531,173.60069274902344,622.6455078125,68.89295959472656,805.1007690429688,130.18817138671875,41.38804626464844,151.10313415527344,134.68370056152344,1264.0726318359375,384.28265380859375,11.770424842834473,98.43292236328125,98.68339538574219
2024-01-24,447.7982177734375,461.3340759277344,153.95233154296875,456.36669921875,72.19900512695312,634.4983520507812,183.81442260742188,229.4091796875,501.20703125,89.82184600830078,1211.5855712890625,412.79638671875,16.417821884155273,42.77875900268555,113.60094451904297
2024-01-26,1138.2945556640625,313.51177978515625,73.11669921875,155.5320587158203,50.90642166137695,894.3746948242188,441.0871887207031,90.71991729736328,160.39501953125,154.45408630371094,1022.3239135742188,358.2886047363281,37.907432556152344,58.97842788696289,4.174616813659668
2024-01-29,1040.109619140625,268.2852478027344,170.885009765625,621.5068359375,117.94010162353516,797.5153198242188,266.00433349609375,24.277591705322266,102.71553039550781,71.07462310791016,490.8770751953125,577.3154296875,39.21588134765625,46.18501281738281,85.72520446777344
2024-02-03,449.8080749511719,478.0683288574219,186.4265594482422,404.18212890625,76.7134780883789,915.6022338867188,560.7465209960938,13.176529884338379,37.98465347290039,168.16793823242188,803.6576538085938,437.071533203125,9.91445541381836,31.358013153076172,129.30235290527344
2024-02-05,667.7744140625,433.1512451171875,301.1061096191406,634.8314208984375,80.90171813964844,781.4661254882812,350.0303039550781,51.40532302856445,57.837982177734375,74.08744812011719,637.020751953125,537.14453125,18.13066864013672,55.74591064453125,83.01509094238281
2024-02-08,895.4908447265625,355.4206237792969,113.37419128417969,147.91966247558594,69.76496887207031,856.5159912109375,459.40521240234375,81.29969024658203,216.9213409423828,120.24250030517578,1292.4244384765625,405.5577392578125,55.4380989074707,147.02491760253906,98.2634048461914
2024-02-10,1062.69580078125,386.0085144042969,259.22119140625,346.3593444824219,22.204792022705078,768.5089721679688,422.56884765625,194.39805603027344,375.8907775878906,34.96976852416992,1279.4755859375,402.8583679199219,45.51663589477539,167.64358520507812,89.2897720336914
2024-02-13,706.313720703125,347.7763366699219,238.93423461914062,630.5245361328125,58.71308898925781,635.4151611328125,470.3426208496094,27.570520401000977,45.22608947753906,80.60193634033203,996.7376098632812,508.57794189453125,26.776479721069336,39.51226806640625,68.08162689208984
2024-02-15,924.8983154296875,237.8831024169922,200.7647247314453,419.5149841308594,98.4522476196289,716.5841064453125,450.655517578125,140.2684783935547,240.04710388183594,32.98052215576172,1324.8580322265625,412.36407470703125,33.97859191894531,97.51263427734375,66.19438934326172
2024-02-18,1241.4134521484375,570.269775390625,12.651532173156738,37.974761962890625,152.94296264648438,1227.5006103515625,534.7650146484375,9.0507230758667,21.311105728149414,155.45358276367188,1221.98046875,393.93353271484375,6.6569905281066895,20.5712890625,173.4343719482422
2024-02-23,578.9483032226562,313.6609802246094,331.7261657714844,657.533447265625,56.33061599731445,531.6529541015625,503.8857116699219,21.305042266845703,61.77975082397461,86.11966705322266,852.9255981445312,470.615966796875,22.38963508605957,32.126853942871094,132.83009338378906
2024-03-01,403.6739807128906,459.1449279785156,113.89966583251953,351.6534423828125,73.44256591796875,399.57855224609375,66.1378173828125,116.98098754882812,209.0092315673828,89.90231323242188,87.03987121582031,249.1995849609375,79.68502807617188,99.06060028076172,151.00082397460938
2024-03-04,666.8646240234375,352.2674560546875,68.74385833740234,340.3004150390625,63.07160186767578,820.2584838867188,148.93246459960938,101.44490814208984,192.3735809326172,151.2144012451172,599.9217529296875,523.806884765625,32.07766342163086,129.73635864257812,105.3163070678711
2024-03-06,1028.7952880859375,194.7498321533203,28.94088363647461,118.3580093383789,106.97611999511719,919.3160400390625,144.7498321533203,38.31753921508789,91.44088745117188,109.09005737304688,510.6305847167969,561.5263061523438,22.95702362060547,72.73017883300781,27.32257843017578
2024-03-09,831.2074584960938,174.00173950195312,173.20333862304688,316.7603759765625,97.52135467529297,680.2526245117188,383.9001770019531,19.509090423583984,36.194278717041016,123.80730438232422,582.075439453125,522.2179565429688,10.638443946838379,34.327537536621094,115.9139633178711
2024-03-11,463.34686279296875,431.5318603515625,80.93045043945312,361.7585754394531,70.90969848632812,775.7412719726562,92.22058868408203,12.450623512268066,47.27474594116211,127.37454223632812,755.945068359375,287.0993347167969,22.141496658325195,29.91767692565918,48.33114242553711
2024-03-14,1010.2239990234375,179.2162628173828,223.9669189453125,375.5025939941406,0.0,571.974853515625,403.34515380859375,26.829824447631836,125.77375030517578,104.78400421142578,488.3759765625,577.7290649414062,38.68544006347656,41.342559814453125,107.54789733886719
2024-03-16,304.1913757324219,512.0867309570312,78.09622955322266,124.64185333251953,84.00798797607422,468.3163757324219,475.39263916015625,56.852359771728516,191.9625244140625,85.75929260253906,850.4955444335938,463.5182800292969,22.83005142211914,50.53721237182617,146.07432556152344
2024-03-24,269.3119812011719,509.5165710449219,64.02256774902344,101.4911117553711,174.6417236328125,596.1410522460938,533.4593505859375,17.79238510131836,77.90686798095703,109.46170043945312,1164.2216796875,360.59375,32.526058197021484,59.93739700317383,95.56083679199219
2024-03-29,1108.8472900390625,230.07347106933594,52.2484245300293,212.99075317382812,115.93216705322266,1038.2247314453125,289.4949035644531,14.927400588989258,32.06397247314453,124.53174591064453,666.0591430664062,514.5712890625,6.694718837738037,62.03258514404297,14.212423324584961
2024-04-10,1324.3505859375,422.7942810058594,17.71527099609375,51.44206237792969,68.1939468383789,1134.241943359375,220.5933074951172,11.787232398986816,39.232215881347656,79.75910949707031,1073.12841796875,207.6504364013672,9.7410888671875,55.92270278930664,114.01628112792969
2024-04-13,752.4524536132812,289.3419189453125,13.216461181640625,32.1415901184082,62.89128875732422,714.0094604492188,306.25872802734375,7.657599925994873,39.223876953125,66.65354919433594,627.6758422851562,413.54248046875,11.451272010803223,24.320898056030273,0.6231025457382202
2024-04-18,668.5514526367188,445.4965515136719,32.465782165527344,66.01899719238281,27.90973663330078,237.79360961914062,557.8872680664062,6.805774211883545,15.332954406738281,112.11084747314453,360.9414367675781,496.9776611328125,7.062337875366211,13.159756660461426,43.5823860168457
2024-04-20,768.6597290039062,94.75825500488281,21.04204559326172,71.3172378540039,135.7776641845703,832.362060546875,284.69659423828125,7.74733829498291,49.39883804321289,177.85110473632812,915.50927734375,569.84130859375,6.616476535797119,22.889041900634766,163.14878845214844
2024-04-23,873.318603515625,219.36473083496094,22.410844802856445,70.09367370605469,33.726776123046875,901.4625244140625,130.53968811035156,11.096652030944824,46.22990417480469,90.84119415283203,752.1814575195312,74.6222915649414,10.226819038391113,26.63079071044922,153.11756896972656
2024-04-25,885.1336669921875,238.74014282226562,31.155187606811523,64.58522033691406,178.8265380859375,1227.8739013671875,384.72021484375,22.943889617919922,30.135683059692383,21.30245018005371,760.3896484375,81.1915512084961,18.546249389648438,42.15482711791992,140.65057373046875
2024-04-30,983.4619140625,261.2195129394531,42.03504180908203,68.0254898071289,155.3096466064453,948.2237548828125,213.9073944091797,14.893611907958984,40.451744079589844,137.74192810058594,860.9337158203125,131.4423065185547,14.561347007751465,35.555999755859375,97.54131317138672
2024-05-03,773.703125,104.6873550415039,32.332984924316406,82.054931640625,146.0259246826172,109.28199768066406,558.402099609375,7.487124919891357,15.090814590454102,114.93802642822266,235.837646484375,579.091796875,7.575106620788574,14.834871292114258,148.7708282470703
2024-05-05,773.2308959960938,105.60538482666016,30.39042854309082,88.4427490234375,145.9729766845703,1226.1300048828125,375.13763427734375,10.918692588806152,11.436882972717285,164.20687866210938,108.13658142089844,558.371826171875,7.492288589477539,16.38277816772461,122.92815399169922
2024-05-08,773.3212890625,106.11566162109375,30.629413604736328,81.25666809082031,148.7544708251953,243.71917724609375,554.3101806640625,5.154927730560303,32.19206619262695,23.316761016845703,1227.63623046875,376.92059326171875,11.253617286682129,19.433523178100586,114.13578796386719
2024-05-10,777.35400390625,107.63166046142578,30.748889923095703,90.56056213378906,146.72483825683594,243.170166015625,542.9660034179688,13.301405906677246,35.62092590332031,173.26341247558594,713.95458984375,443.6475524902344,9.775263786315918,37.55482482910156,63.3955078125
2024-05-13,716.543701171875,305.77947998046875,22.61124610900879,165.6109619140625,61.83993911743164,120.70481872558594,541.091552734375,13.267199516296387,20.426883697509766,71.22027587890625,797.8849487304688,141.7482452392578,10.13469123840332,28.270313262939453,174.36753845214844
2024-05-15,800.6682739257812,145.1448211669922,26.662622451782227,81.7199935913086,131.09657287597656,756.2161865234375,80.91828918457031,15.954612731933594,37.925010681152344,145.25241088867188,112.76890563964844,556.1764526367188,10.941069602966309,24.187414169311523,82.03457641601562
2024-05-18,774.5938110351562,107.5900650024414,32.5532112121582,89.81747436523438,143.1603240966797,233.4479217529297,540.6614990234375,23.89551544189453,50.52220153808594,166.41734313964844,107.5779800415039,557.288330078125,9.22789478302002,16.054378509521484,118.35679626464844
2024-05-20,793.0173950195312,117.654052734375,46.67283630371094,123.77103424072266,127.77727508544922,235.3726806640625,558.5777587890625,14.813257217407227,34.96250915527344,50.43766784667969,96.1329116821289,525.0823974609375,10.600872993469238,24.264305114746094,133.78213500976562
